21;1;1;12;144;0902011226;юдлхмхярпюжхъ йюпювюебяйнцн цнпндяйнцн нйпсцю йюпювюебн-вепйеяяйни пеяосакхйх;юдлхмхярпюжхъ йюпювюебяйнцн цнпндяйнцн нйпсцю йюпювюебн-вепйеяяйни пеяосакхйх;84.11.3;дЕЪРЕКЭМНЯРЭ НПЦЮМНБ ЛЕЯРМНЦН ЯЮЛНСОПЮБКЕМХЪ ОН СОПЮБКЕМХЧ БНОПНЯЮЛХ НАЫЕЦН УЮПЮЙРЕПЮ
21;1;1;4;49;0916001475;юдлхмхярпюжхъ йюпювюебяйнцн лсмхжхоюкэмнцн пюинмю йюпювюебн-вепйеяяйни пеяосакхйх;юдлхмхярпюжхъ йюпювюебяйнцн лсмхжхоюкэмнцн пюинмю йюпювюебн-вепйеяяйни пеяосакхйх;84.11.3;дЕЪРЕКЭМНЯРЭ НПЦЮМНБ ЛЕЯРМНЦН ЯЮЛНСОПЮБКЕМХЪ ОН СОПЮБКЕМХЧ БНОПНЯЮЛХ НАЫЕЦН УЮПЮЙРЕПЮ
21;1;1;12;143;0902009033;юдлхмхярпюжхъ оняекйю днлаюи йюпювюебяйнцн цнпндяйнцн нйпсцю;юдлхмхярпюжхъ оняекйю днлаюи йюпювюебяйнцн цнпндяйнцн нйпсцю;84.11.35;дЕЪРЕКЭМНЯРЭ НПЦЮМНБ ЛЕЯРМНЦН ЯЮЛНСОПЮБКЕМХЪ ЯЕКЭЯЙХУ ОНЯЕКЕМХИ
21;1;1;12;146;0902010712;юдлхмхярпюжхъ оняекйю люпю-юъцзш йюпювюебяйнцн цнпндяйнцн нйпсцю;юдлхмхярпюжхъ оняекйю люпю-юъцзш йюпювюебяйнцн цнпндяйнцн нйпсцю;84.11.35;дЕЪРЕКЭМНЯРЭ НПЦЮМНБ ЛЕЯРМНЦН ЯЮЛНСОПЮБКЕМХЪ ЯЕКЭЯЙХУ ОНЯЕКЕМХИ
21;1;1;12;147;0902007621;юдлхмхярпюжхъ оняекйю нпдфнмхйхдгебяйхи;юдлхмхярпюжхъ оняекйю нпдфнмхйхдгебяйхи;84.11.35;дЕЪРЕКЭМНЯРЭ НПЦЮМНБ ЛЕЯРМНЦН ЯЮЛНСОПЮБКЕМХЪ ЯЕКЭЯЙХУ ОНЯЕКЕМХИ
21;1;1;12;149;0902007195;юдлхмхярпюжхъ оняекйю щкэапсяяйхи йюпювюебяйнцн цнпндяйнцн нйпсцю;юдлхмхярпюжхъ оняекйю щкэапсяяйхи йюпювюебяйнцн цнпндяйнцн нйпсцю;84.11.35;дЕЪРЕКЭМНЯРЭ НПЦЮМНБ ЛЕЯРМНЦН ЯЮЛНСОПЮБКЕМХЪ ЯЕКЭЯЙХУ ОНЯЕКЕМХИ
21;39;1;12;144;0919002678;дслю йюпювюебяйнцн цнпндяйнцн нйпсцю;дслю йюпювюебяйнцн цнпндяйнцн нйпсцю;84.11.3;дЕЪРЕКЭМНЯРЭ НПЦЮМНБ ЛЕЯРМНЦН ЯЮЛНСОПЮБКЕМХЪ ОН СОПЮБКЕМХЧ БНОПНЯЮЛХ НАЫЕЦН УЮПЮЙРЕПЮ
8;19;1;12;144;0902009019;йюпювюебн-вепйеяяйюъ пеяосакхйюмяйюъ цнясдюпярбеммюъ ачдфермюъ опнтеяяхнмюкэмюъ напюгнбюрекэмюъ нпцюмхгюжхъ "онкхреумхвеяйхи йнккедф"";йюпювюебн-вепйеяяйюъ пеяосакхйюмяйюъ цнясдюпярбеммюъ ачдфермюъ опнтеяяхнмюкэмюъ напюгнбюрекэмюъ нпцюмхгюжхъ "онкхреумхвеяйхи йнккедф"";85.21;нАПЮГНБЮМХЕ ОПНТЕЯЯХНМЮКЭМНЕ ЯПЕДМЕЕ
6;23;1;12;144;0919004925;йюпювюебн-вепйеяяйне пеяосакхйюмяйне цнясдюпярбеммне юбрнмнлмне свпефдемхе "йюпювюебяйхи кеяунг"";йюпювюебн-вепйеяяйне пеяосакхйюмяйне цнясдюпярбеммне юбрнмнлмне свпефдемхе "йюпювюебяйхи кеяунг"";02.20;кЕЯНГЮЦНРНБЙХ
21;37;1;12;144;0919003336;йнмрпнкэмн-явермюъ оюкюрю йюпювюебяйнцн цнпндяйнцн нйпсцю;йнмрпнкэмн-явермюъ оюкюрю йюпювюебяйнцн цнпндяйнцн нйпсцю;84.11;дЕЪРЕКЭМНЯРЭ НПЦЮМНБ ЦНЯСДЮПЯРБЕММНЦН СОПЮБКЕМХЪ Х ЛЕЯРМНЦН ЯЮЛНСОПЮБКЕМХЪ ОН БНОПНЯЮЛ НАЫЕЦН УЮПЮЙРЕПЮ
1;24;1;12;144;0919002300;лефлсмхжхоюкэмши нрдек лхмхярепярбю бмсрпеммху дек пняяхияйни тедепюжхх "йюпювюебяйхи"";лефлсмхжхоюкэмши нрдек лхмхярепярбю бмсрпеммху дек пняяхияйни тедепюжхх "йюпювюебяйхи"";84.24;дЕЪРЕКЭМНЯРЭ ОН НАЕЯОЕВЕМХЧ НАЫЕЯРБЕММНЦН ОНПЪДЙЮ Х АЕГНОЮЯМНЯРХ
12;16;1;12;144;0919002501;лсмхжхоюкэмне юбрнмнлмне свпефдемхе йюпювюебяйнцн цнпндяйнцн нйпсцю "йюпювюебяй-гекемярпни"";лсмхжхоюкэмне юбрнмнлмне свпефдемхе йюпювюебяйнцн цнпндяйнцн нйпсцю "йюпювюебяй-гекемярпни"";01.61;оПЕДНЯРЮБКЕМХЕ СЯКСЦ Б НАКЮЯРХ ПЮЯРЕМХЕБНДЯРБЮ
8;3;1;12;144;0902030268;лсмхжхоюкэмне ачдфермне наыенапюгнбюрекэмне свпефдемхе йюпювюебяйнцн цнпндяйнцн нйпсцю "япедмъъ ьйнкю ╧ 3 хлемх у.с. анцюршпебю"";лсмхжхоюкэмне ачдфермне наыенапюгнбюрекэмне свпефдемхе йюпювюебяйнцн цнпндяйнцн нйпсцю "япедмъъ ьйнкю ╧ 3 хлемх у.с. анцюршпебю"";85.14;нАПЮГНБЮМХЕ ЯПЕДМЕЕ НАЫЕЕ
21;7;1;12;144;0919005132;лсмхжхоюкэмне ачдфермне свпефдемхе "лмнцнтсмйжхнмюкэмши жемрп опеднярюбкемхъ цнясдюпярбеммшу х лсмхжхоюкэмшу сяксц б йюпювюебяйнл цнпндяйнл нйпсце"";лсмхжхоюкэмне ачдфермне свпефдемхе "лмнцнтсмйжхнмюкэмши жемрп опеднярюбкемхъ цнясдюпярбеммшу х лсмхжхоюкэмшу сяксц б йюпювюебяйнл цнпндяйнл нйпсце"";84.11.3;дЕЪРЕКЭМНЯРЭ НПЦЮМНБ ЛЕЯРМНЦН ЯЮЛНСОПЮБКЕМХЪ ОН СОПЮБКЕМХЧ БНОПНЯЮЛХ НАЫЕЦН УЮПЮЙРЕПЮ
14;5;1;12;144;0902011265;лсмхжхоюкэмне ачдфермне свпефдемхе йюпювюебяйнцн цнпндяйнцн нйпсцю "йнлокейямюъ яонпрхбмюъ ьйнкю "йюпювюебяй"";лсмхжхоюкэмне ачдфермне свпефдемхе йюпювюебяйнцн цнпндяйнцн нйпсцю "йнлокейямюъ яонпрхбмюъ ьйнкю "йюпювюебяй"";93.1;дЕЪРЕКЭМНЯРЭ Б НАКЮЯРХ ЯОНПРЮ
11;35;1;12;144;0902030765;лсмхжхоюкэмне ачдфермне свпефдемхе йюпювюебяйнцн цнпндяйнцн нйпсцю "педюйжхъ цюгерш "лхмцх рюс"";лсмхжхоюкэмне ачдфермне свпефдемхе йюпювюебяйнцн цнпндяйнцн нйпсцю "педюйжхъ цюгерш "лхмцх рюс"";58.13;хГДЮМХЕ ЦЮГЕР
8;2;1;12;146;0902030469;лсмхжхоюкэмне йюгеммне дньйнкэмне напюгнбюрекэмне свпефдемхе йюпювюебяйнцн цнпндяйнцн нйпсцю "деряйхи яюд ╧ 5 "хбсьйю"" о. люпю-юъцзш"";лсмхжхоюкэмне йюгеммне дньйнкэмне напюгнбюрекэмне свпефдемхе йюпювюебяйнцн цнпндяйнцн нйпсцю "деряйхи яюд ╧ 5 "хбсьйю"" о. люпю-юъцзш"";85.11;нАПЮГНБЮМХЕ ДНЬЙНКЭМНЕ
8;2;1;12;144;0902030437;лсмхжхоюкэмне йюгеммне дньйнкэмне напюгнбюрекэмне свпефдемхе йюпювюебяйнцн цнпндяйнцн нйпсцю "деряйхи яюд ╧1 "репелнй"";лсмхжхоюкэмне йюгеммне дньйнкэмне напюгнбюрекэмне свпефдемхе йюпювюебяйнцн цнпндяйнцн нйпсцю "деряйхи яюд ╧1 "репелнй"";85.11;нАПЮГНБЮМХЕ ДНЬЙНКЭМНЕ
8;2;1;12;147;0902030275;лсмхжхоюкэмне йюгеммне дньйнкэмне напюгнбюрекэмне свпефдемхе йюпювюебяйнцн цнпндяйнцн нйпсцю "деряйхи яюд ╧10 "рнонкей"" о.нпдфнмхйхдгебяйхи"";лсмхжхоюкэмне йюгеммне дньйнкэмне напюгнбюрекэмне свпефдемхе йюпювюебяйнцн цнпндяйнцн нйпсцю "деряйхи яюд ╧10 "рнонкей"" о.нпдфнмхйхдгебяйхи"";85.11;нАПЮГНБЮМХЕ ДНЬЙНКЭМНЕ
8;2;1;12;145;0902030363;лсмхжхоюкэмне йюгеммне дньйнкэмне напюгнбюрекэмне свпефдемхе йюпювюебяйнцн цнпндяйнцн нйпсцю "деряйхи яюд ╧11 "аспюрхмн"" о.люкнйспцюммши"";лсмхжхоюкэмне йюгеммне дньйнкэмне напюгнбюрекэмне свпефдемхе йюпювюебяйнцн цнпндяйнцн нйпсцю "деряйхи яюд ╧11 "аспюрхмн"" о.люкнйспцюммши"";85.11;нАПЮГНБЮМХЕ ДНЬЙНКЭМНЕ
8;2;1;12;144;0902006755;лсмхжхоюкэмне йюгеммне дньйнкэмне напюгнбюрекэмне свпефдемхе йюпювюебяйнцн цнпндяйнцн нйпсцю "деряйхи яюд ╧14 "лхьсрйю"";лсмхжхоюкэмне йюгеммне дньйнкэмне напюгнбюрекэмне свпефдемхе йюпювюебяйнцн цнпндяйнцн нйпсцю "деряйхи яюд ╧14 "лхьсрйю"";85.11;нАПЮГНБЮМХЕ ДНЬЙНКЭМНЕ
8;2;1;12;144;0902007100;лсмхжхоюкэмне йюгеммне дньйнкэмне напюгнбюрекэмне свпефдемхе йюпювюебяйнцн цнпндяйнцн нйпсцю "деряйхи яюд ╧15 "бхйх"";лсмхжхоюкэмне йюгеммне дньйнкэмне напюгнбюрекэмне свпефдемхе йюпювюебяйнцн цнпндяйнцн нйпсцю "деряйхи яюд ╧15 "бхйх"";88.10;оПЕДНЯРЮБКЕМХЕ ЯНЖХЮКЭМШУ СЯКСЦ АЕГ НАЕЯОЕВЕМХЪ ОПНФХБЮМХЪ ОПЕЯРЮПЕКШЛ Х ХМБЮКХДЮЛ
8;2;1;12;144;0902030331;лсмхжхоюкэмне йюгеммне дньйнкэмне напюгнбюрекэмне свпефдемхе йюпювюебяйнцн цнпндяйнцн нйпсцю "деряйхи яюд ╧2 "йпюямюъ ьюонвйю"";лсмхжхоюкэмне йюгеммне дньйнкэмне напюгнбюрекэмне свпефдемхе йюпювюебяйнцн цнпндяйнцн нйпсцю "деряйхи яюд ╧2 "йпюямюъ ьюонвйю"";85.11;нАПЮГНБЮМХЕ ДНЬЙНКЭМНЕ
8;2;1;12;144;0902030370;лсмхжхоюкэмне йюгеммне дньйнкэмне напюгнбюрекэмне свпефдемхе йюпювюебяйнцн цнпндяйнцн нйпсцю "деряйхи яюд ╧8 "янкмшьйн"";лсмхжхоюкэмне йюгеммне дньйнкэмне напюгнбюрекэмне свпефдемхе йюпювюебяйнцн цнпндяйнцн нйпсцю "деряйхи яюд ╧8 "янкмшьйн"";85.11;нАПЮГНБЮМХЕ ДНЬЙНКЭМНЕ
8;2;1;12;149;0902030405;лсмхжхоюкэмне йюгеммне дньйнкэмне напюгнбюрекэмне свпефдемхе йюпювюебяйнцн цнпндяйнцн нйпсцю "деряйхи яюд ╧9 "вхоонкхмн"";лсмхжхоюкэмне йюгеммне дньйнкэмне напюгнбюрекэмне свпефдемхе йюпювюебяйнцн цнпндяйнцн нйпсцю "деряйхи яюд ╧9 "вхоонкхмн"";85.11;нАПЮГНБЮМХЕ ДНЬЙНКЭМНЕ
8;4;1;12;144;0902038813;лсмхжхоюкэмне йюгеммне напюгнбюрекэмне свпефдемхе днонкмхрекэмнцн напюгнбюмхъ дереи йюпювюебяйнцн цнпндяйнцн нйпсцю "деряйюъ усднфеярбеммюъ ьйнкю"";лсмхжхоюкэмне йюгеммне напюгнбюрекэмне свпефдемхе днонкмхрекэмнцн напюгнбюмхъ дереи йюпювюебяйнцн цнпндяйнцн нйпсцю "деряйюъ усднфеярбеммюъ ьйнкю"";85.41;нАПЮГНБЮМХЕ ДНОНКМХРЕКЭМНЕ ДЕРЕИ Х БГПНЯКШУ
8;3;1;12;144;0919001184;лсмхжхоюкэмне йюгеммне наыенапюгнбюрекэмне свпефдемхе йюпювюебяйнцн цнпндяйнцн нйпсцю "цхлмюгхъ ╧ 4 хлемх л.ю.уюахвебю"";лсмхжхоюкэмне йюгеммне наыенапюгнбюрекэмне свпефдемхе йюпювюебяйнцн цнпндяйнцн нйпсцю "цхлмюгхъ ╧ 4 хлемх л.ю.уюахвебю"";85.13;нАПЮГНБЮМХЕ НЯМНБМНЕ НАЫЕЕ
8;3;1;12;143;0902030395;лсмхжхоюкэмне йюгеммне наыенапюгнбюрекэмне свпефдемхе йюпювюебяйнцн цнпндяйнцн нйпсцю "япедмъъ ьйнкю йспнпрмнцн оняекйю днлаюи"";лсмхжхоюкэмне йюгеммне наыенапюгнбюрекэмне свпефдемхе йюпювюебяйнцн цнпндяйнцн нйпсцю "япедмъъ ьйнкю йспнпрмнцн оняекйю днлаюи"";85.14;нАПЮГНБЮМХЕ ЯПЕДМЕЕ НАЫЕЕ
8;3;1;12;145;0902030420;лсмхжхоюкэмне йюгеммне наыенапюгнбюрекэмне свпефдемхе йюпювюебяйнцн цнпндяйнцн нйпсцю "япедмъъ ьйнкю о. люкнйспцюммши хлемх л.я. нярпнсунбю"";лсмхжхоюкэмне йюгеммне наыенапюгнбюрекэмне свпефдемхе йюпювюебяйнцн цнпндяйнцн нйпсцю "япедмъъ ьйнкю о. люкнйспцюммши хлемх л.я. нярпнсунбю"";85.14;нАПЮГНБЮМХЕ ЯПЕДМЕЕ НАЫЕЕ
8;3;1;12;147;0902030236;лсмхжхоюкэмне йюгеммне наыенапюгнбюрекэмне свпефдемхе йюпювюебяйнцн цнпндяйнцн нйпсцю "япедмъъ ьйнкю о. нпдфнмхйхдгебяйхи хлемх ц.д. асрюебю"";лсмхжхоюкэмне йюгеммне наыенапюгнбюрекэмне свпефдемхе йюпювюебяйнцн цнпндяйнцн нйпсцю "япедмъъ ьйнкю о. нпдфнмхйхдгебяйхи хлемх ц.д. асрюебю"";85.14;нАПЮГНБЮМХЕ ЯПЕДМЕЕ НАЫЕЕ
8;3;1;12;149;0902030451;лсмхжхоюкэмне йюгеммне наыенапюгнбюрекэмне свпефдемхе йюпювюебяйнцн цнпндяйнцн нйпсцю "япедмъъ ьйнкю о. щкэапсяяйхи"";лсмхжхоюкэмне йюгеммне наыенапюгнбюрекэмне свпефдемхе йюпювюебяйнцн цнпндяйнцн нйпсцю "япедмъъ ьйнкю о. щкэапсяяйхи"";85.14;нАПЮГНБЮМХЕ ЯПЕДМЕЕ НАЫЕЕ
8;3;1;12;146;0902030490;лсмхжхоюкэмне йюг╗ммне наыенапюгнбюрекэмне свпефдемхе йюпювюебяйнцн цнпндяйнцн нйпсцю "япедмъъ ьйнкю оня. люпю-юъцзш"";лсмхжхоюкэмне йюг╗ммне наыенапюгнбюрекэмне свпефдемхе йюпювюебяйнцн цнпндяйнцн нйпсцю "япедмъъ ьйнкю оня. люпю-юъцзш"";85.14;нАПЮГНБЮМХЕ ЯПЕДМЕЕ НАЫЕЕ
8;3;1;12;144;0902030243;лсмхжхоюкэмне йюгеммне наыенапюгнбюрекэмне свпефдемхе йюпювюебяйнцн цнпндяйнцн нйпсцю "япедмъъ ьйнкю ╧ 5 хлемх я.й.люцнлернбю"";лсмхжхоюкэмне йюгеммне наыенапюгнбюрекэмне свпефдемхе йюпювюебяйнцн цнпндяйнцн нйпсцю "япедмъъ ьйнкю ╧ 5 хлемх я.й.люцнлернбю"";85.14;нАПЮГНБЮМХЕ ЯПЕДМЕЕ НАЫЕЕ
8;3;1;12;144;0902030229;лсмхжхоюкэмне йюгеммне наыенапюгнбюрекэмне свпефдемхе йюпювюебяйнцн цнпндяйнцн нйпсцю "япедмъъ ьйнкю ╧1 хлемх д.й. аюипюлсйнбю"";лсмхжхоюкэмне йюгеммне наыенапюгнбюрекэмне свпефдемхе йюпювюебяйнцн цнпндяйнцн нйпсцю "япедмъъ ьйнкю ╧1 хлемх д.й. аюипюлсйнбю"";85.13;нАПЮГНБЮМХЕ НЯМНБМНЕ НАЫЕЕ
8;3;1;12;144;0902030483;лсмхжхоюкэмне йюгеммне наыенапюгнбюрекэмне свпефдемхе йюпювюебяйнцн цнпндяйнцн нйпсцю "япедмъъ ьйнкю ╧6 хлемх д.р. сгдемнбю"";лсмхжхоюкэмне йюгеммне наыенапюгнбюрекэмне свпефдемхе йюпювюебяйнцн цнпндяйнцн нйпсцю "япедмъъ ьйнкю ╧6 хлемх д.р. сгдемнбю"";85.14;нАПЮГНБЮМХЕ ЯПЕДМЕЕ НАЫЕЕ
1;40;1;12;144;0919006009;лсмхжхоюкэмне йюгеммне свпефдемхе "едхмюъ дефспмн-дхяоервепяйюъ яксфаю йюпювюебяйнцн лсмхжхоюкэмнцн пюинмю йюпювюебн-вепйеяяйни пеяосакхйх"";лсмхжхоюкэмне йюгеммне свпефдемхе "едхмюъ дефспмн-дхяоервепяйюъ яксфаю йюпювюебяйнцн лсмхжхоюкэмнцн пюинмю йюпювюебн-вепйеяяйни пеяосакхйх"";84.25;дЕЪРЕКЭМНЯРЭ ОН НАЕЯОЕВЕМХЧ АЕГНОЮЯМНЯРХ Б ВПЕГБШВЮИМШУ cХРСЮЖХЪУ
8;4;1;12;144;0919003985;лсмхжхоюкэмне йюгеммне свпефдемхе днонкмхрекэмнцн напюгнбюмхъ йюпювюебяйнцн цнпндяйнцн нйпсцю "днл деряйнцн рбнпвеярбю"";лсмхжхоюкэмне йюгеммне свпефдемхе днонкмхрекэмнцн напюгнбюмхъ йюпювюебяйнцн цнпндяйнцн нйпсцю "днл деряйнцн рбнпвеярбю"";85.41;нАПЮГНБЮМХЕ ДНОНКМХРЕКЭМНЕ ДЕРЕИ Х БГПНЯКШУ
14;5;1;12;144;0902030638;лсмхжхоюкэмне йюгеммне свпефдемхе йюпювюебяйнцн цнпндяйнцн нйпсцю "яонпрхбмюъ ьйнкю ялеьюммшу едхмнанпярб"";лсмхжхоюкэмне йюгеммне свпефдемхе йюпювюебяйнцн цнпндяйнцн нйпсцю "яонпрхбмюъ ьйнкю ялеьюммшу едхмнанпярб"";93.19;дЕЪРЕКЭМНЯРЭ Б НАКЮЯРХ ЯОНПРЮ ОПНВЮЪ
5;21;1;12;144;0919003248;лсмхжхоюкэмне йюгеммне свпефдемхе йюпювюебяйнцн цнпндяйнцн нйпсцю "жемрп йскэрспш, днясцю х ахакхнревмнцн наяксфхбюмхъ"";лсмхжхоюкэмне йюгеммне свпефдемхе йюпювюебяйнцн цнпндяйнцн нйпсцю "жемрп йскэрспш, днясцю х ахакхнревмнцн наяксфхбюмхъ"";91.01;дЕЪРЕКЭМНЯРЭ АХАКХНРЕЙ Х ЮПУХБНБ
21;10;1;12;144;0919004611;нрдек йскэрспш юдлхмхярпюжхх йюпювюебяйнцн цнпндяйнцн нйпсцю;нрдек йскэрспш юдлхмхярпюжхх йюпювюебяйнцн цнпндяйнцн нйпсцю;91.01;дЕЪРЕКЭМНЯРЭ АХАКХНРЕЙ Х ЮПУХБНБ
21;10;1;12;144;0902011057;нрдек он декюл цпюфдюмяйни нанпнмш х впегбшвюимшл яхрсюжхъл юдлхмхярпюжхх йюпювюебяйнцн цнпндяйнцн нйпсцю;нрдек он декюл цпюфдюмяйни нанпнмш х впегбшвюимшл яхрсюжхъл юдлхмхярпюжхх йюпювюебяйнцн цнпндяйнцн нйпсцю;84.22;дЕЪРЕКЭМНЯРЭ, ЯБЪГЮММЮЪ Я НАЕЯОЕВЕМХЕЛ БНЕММНИ АЕГНОЮЯМНЯРХ
21;10;1;12;144;0916010977;нрдек рспхглю х лнкндефмни онкхрхйх юдлхмхярпюжхх йюпювюебяйнцн цнпндяйнцн нйпсцю;нрдек рспхглю х лнкндефмни онкхрхйх юдлхмхярпюжхх йюпювюебяйнцн цнпндяйнцн нйпсцю;84.11.3;дЕЪРЕКЭМНЯРЭ НПЦЮМНБ ЛЕЯРМНЦН ЯЮЛНСОПЮБКЕМХЪ ОН СОПЮБКЕМХЧ БНОПНЯЮЛХ НАЫЕЦН УЮПЮЙРЕПЮ
21;10;1;12;144;0919004604;нрдек тхгхвеяйни йскэрспш х яонпрю юдлхмхярпюжхх йюпювюебяйнцн цнпндяйнцн нйпсцю;нрдек тхгхвеяйни йскэрспш х яонпрю юдлхмхярпюжхх йюпювюебяйнцн цнпндяйнцн нйпсцю;93.19;дЕЪРЕКЭМНЯРЭ Б НАКЮЯРХ ЯОНПРЮ ОПНВЮЪ
4;41;1;12;144;0919000494;пеяосакхйюмяйне цнясдюпярбеммне юбрнмнлмне свпефдемхе гдпюбннупюмемхъ "йюпювюебяйюъ жемрпюкэмюъ ярнлюрнкнцхвеяйюъ онкхйкхмхйю"";пеяосакхйюмяйне цнясдюпярбеммне юбрнмнлмне свпефдемхе гдпюбннупюмемхъ "йюпювюебяйюъ жемрпюкэмюъ ярнлюрнкнцхвеяйюъ онкхйкхмхйю"";86.23;яРНЛЮРНКНЦХВЕЯЙЮЪ ОПЮЙРХЙЮ
4;6;1;12;144;0902001796;пеяосакхйюмяйне цнясдюпярбеммне ачдфермне кевеамн-опнтхкюйрхвеяйне свпефдемхе "йюпювюебн-вепйеяяйюъ деряйюъ хмтейжхнммюъ анкэмхжю"";пеяосакхйюмяйне цнясдюпярбеммне ачдфермне кевеамн-опнтхкюйрхвеяйне свпефдемхе "йюпювюебн-вепйеяяйюъ деряйюъ хмтейжхнммюъ анкэмхжю"";86.10;дЕЪРЕКЭМНЯРЭ АНКЭМХВМШУ НПЦЮМХГЮЖХИ
2;8;1;12;144;0905008119;пеяосакхйюмяйне цнясдюпярбеммне ачдфермне свпефдемхе "йюпювюебяйюъ пюинммюъ берепхмюпмюъ ярюмжхъ он анпэае я анкегмълх фхбнрмшу"";пеяосакхйюмяйне цнясдюпярбеммне ачдфермне свпефдемхе "йюпювюебяйюъ пюинммюъ берепхмюпмюъ ярюмжхъ он анпэае я анкегмълх фхбнрмшу"";75.00;дЕЪРЕКЭМНЯРЭ БЕРЕПХМЮПМЮЪ
14;5;1;12;144;0919000487;пеяосакхйюмяйне цнясдюпярбеммне ачдфермне свпефдемхе "яоежхюкхгхпнбюммюъ яонпрхбмюъ ьйнкю он анпэае мю онъяюу"";пеяосакхйюмяйне цнясдюпярбеммне ачдфермне свпефдемхе "яоежхюкхгхпнбюммюъ яонпрхбмюъ ьйнкю он анпэае мю онъяюу"";93.11;дЕЪРЕКЭМНЯРЭ ЯОНПРХБМШУ НАЗЕЙРНБ
14;5;1;12;144;0919003865;пеяосакхйюмяйне цнясдюпярбеммне ачдфермне свпефдемхе "яонпрхбмюъ ьйнкю "юпляонпр"";пеяосакхйюмяйне цнясдюпярбеммне ачдфермне свпефдемхе "яонпрхбмюъ ьйнкю "юпляонпр"";85.41;нАПЮГНБЮМХЕ ДНОНКМХРЕКЭМНЕ ДЕРЕИ Х БГПНЯКШУ
4;6;1;12;144;0902009354;пеяосакхйюмяйне цнясдюпярбеммне ачдфермне свпефдемхе гдпюбннупюмемхъ "йюпювюебяйюъ жемрпюкэмюъ цнпндяйюъ х пюинммюъ анкэмхжю"";пеяосакхйюмяйне цнясдюпярбеммне ачдфермне свпефдемхе гдпюбннупюмемхъ "йюпювюебяйюъ жемрпюкэмюъ цнпндяйюъ х пюинммюъ анкэмхжю"";86.10;дЕЪРЕКЭМНЯРЭ АНКЭМХВМШУ НПЦЮМХГЮЖХИ
21;9;1;12;144;0902007646;пеяосакхйюмяйне цнясдюпярбеммне йюгеммне свпефдемхе "жемрп гюмърнярх мюяекемхъ он цнпндс йюпювюебяйс"";пеяосакхйюмяйне цнясдюпярбеммне йюгеммне свпефдемхе "жемрп гюмърнярх мюяекемхъ он цнпндс йюпювюебяйс"";78.30;дЕЪРЕКЭМНЯРЭ ОН ОНДАНПС ОЕПЯНМЮКЮ ОПНВЮЪ
21;9;1;12;144;0905005260;пеяосакхйюмяйне цнясдюпярбеммне йюгеммне свпефдемхе "жемрп гюмърнярх мюяекемхъ он йюпювюебяйнлс лсмхжхоюкэмнлс пюинмс"";пеяосакхйюмяйне цнясдюпярбеммне йюгеммне свпефдемхе "жемрп гюмърнярх мюяекемхъ он йюпювюебяйнлс лсмхжхоюкэмнлс пюинмс"";78.30;дЕЪРЕКЭМНЯРЭ ОН ОНДАНПС ОЕПЯНМЮКЮ ОПНВЮЪ
21;26;1;12;144;0916001203;реппхрнпхюкэмюъ хгахпюрекэмюъ йнлхяяхъ он цнпндс йюпювюебяйс;реппхрнпхюкэмюъ хгахпюрекэмюъ йнлхяяхъ он цнпндс йюпювюебяйс;84.11.13;дЕЪРЕКЭМНЯРЭ РЕППХРНПХЮКЭМШУ НПЦЮМНБ ТЕДЕПЮКЭМШУ НПЦЮМНБ ХЯОНКМХРЕКЭМНИ БКЮЯРХ Б ЦНПНДЮУ Х ПЮИНМЮУ ЯСАЗЕЙРНБ пНЯЯХИЯЙНИ тЕДЕПЮЖХХ
21;26;1;12;144;0919002477;реппхрнпхюкэмюъ хгахпюрекэмюъ йнлхяяхъ он йюпювюебяйнлс пюинмс;реппхрнпхюкэмюъ хгахпюрекэмюъ йнлхяяхъ он йюпювюебяйнлс пюинмс;84.11.21;дЕЪРЕКЭМНЯРЭ НПЦЮМНБ ЦНЯСДЮПЯРБЕММНИ БКЮЯРХ ЯСАЗЕЙРНБ пНЯЯХИЯЙНИ тЕДЕПЮЖХХ (ПЕЯОСАКХЙ, ЙПЮЕБ, НАКЮЯРЕИ), ЙПНЛЕ ЯСДЕАМНИ БКЮЯРХ, ОПЕДЯРЮБХРЕКЭЯРБ ХЯОНКМХРЕКЭМШУ НПЦЮМНБ ЦНЯСДЮПЯРБЕММНИ БКЮЯРХ ЯСАЗЕЙРНБ пНЯЯХИЯЙНИ тЕДЕПЮЖХХ ОПХ оПЕГХДЕМРЕ пНЯЯХИЯЙНИ тЕДЕПЮЖХХ
21;10;1;12;144;0902012357;сопюбкемхе юпухрейрспш, цпюднярпнхрекэярбю, хлсыеярбеммшу х гелекэмшу нрмньемхи юдлхмхярпюжхх йюпювюебяйнцн цнпндяйнцн нйпсцю;сопюбкемхе юпухрейрспш, цпюднярпнхрекэярбю, хлсыеярбеммшу х гелекэмшу нрмньемхи юдлхмхярпюжхх йюпювюебяйнцн цнпндяйнцн нйпсцю;84.11.3;дЕЪРЕКЭМНЯРЭ НПЦЮМНБ ЛЕЯРМНЦН ЯЮЛНСОПЮБКЕМХЪ ОН СОПЮБКЕМХЧ БНОПНЯЮЛХ НАЫЕЦН УЮПЮЙРЕПЮ
21;10;1;12;144;0902007653;сопюбкемхе напюгнбюмхъ юдлхмхярпюжхх йюпювюебяйнцн цнпндяйнцн нйпсцю;сопюбкемхе напюгнбюмхъ юдлхмхярпюжхх йюпювюебяйнцн цнпндяйнцн нйпсцю;84.11.3;дЕЪРЕКЭМНЯРЭ НПЦЮМНБ ЛЕЯРМНЦН ЯЮЛНСОПЮБКЕМХЪ ОН СОПЮБКЕМХЧ БНОПНЯЮЛХ НАЫЕЦН УЮПЮЙРЕПЮ
21;10;1;12;144;0902007678;сопюбкемхе рпсдю х янжхюкэмнцн пюгбхрхъ юдлхмхярпюжхх йюпювюебяйнцн цнпндяйнцн нйпсцю;сопюбкемхе рпсдю х янжхюкэмнцн пюгбхрхъ юдлхмхярпюжхх йюпювюебяйнцн цнпндяйнцн нйпсцю;84.11.3;дЕЪРЕКЭМНЯРЭ НПЦЮМНБ ЛЕЯРМНЦН ЯЮЛНСОПЮБКЕМХЪ ОН СОПЮБКЕМХЧ БНОПНЯЮЛХ НАЫЕЦН УЮПЮЙРЕПЮ
21;10;1;12;144;0919002100;сопюбкемхе щйнмнлхвеяйнцн пюгбхрхъ, ярпнхрекэярбю х фхкхымн-йнллсмюкэмнцн унгъиярбю юдлхмхярпюжхх йюпювюебяйнцн цнпндяйнцн нйпсцю;сопюбкемхе щйнмнлхвеяйнцн пюгбхрхъ, ярпнхрекэярбю х фхкхымн-йнллсмюкэмнцн унгъиярбю юдлхмхярпюжхх йюпювюебяйнцн цнпндяйнцн нйпсцю;75.11.31;дЕЪРЕКЭМНЯРЭ НПЦЮМНБ ЛЕЯРМНЦН ЯЮЛНСОПЮБКЕМХЪ ПЮИНМНБ, ЦНПНДНБ, БМСРПХЦНПНДЯЙХУ ПЮИНМНБ
8;42;1;12;144;0902007156;тедепюкэмне цнясдюпярбеммне ачдфермне напюгнбюрекэмне свпефдемхе бшяьецн напюгнбюмхъ "йюпювюебн-вепйеяяйхи цнясдюпярбеммши смхбепяхрер хлемх с.д. юкхебю"";тедепюкэмне цнясдюпярбеммне ачдфермне напюгнбюрекэмне свпефдемхе бшяьецн напюгнбюмхъ "йюпювюебн-вепйеяяйхи цнясдюпярбеммши смхбепяхрер хлемх с.д. юкхебю"";85.22;нАПЮГНБЮМХЕ БШЯЬЕЕ
21;10;1;12;144;0902007614;тхмюмянбне сопюбкемхе юдлхмхярпюжхх йюпювюебяйнцн цнпндяйнцн нйпсцю;тхмюмянбне сопюбкемхе юдлхмхярпюжхх йюпювюебяйнцн цнпндяйнцн нйпсцю;84.11.22;дЕЪРЕКЭМНЯРЭ НПЦЮМНБ ЦНЯСДЮПЯРБЕММНИ БКЮЯРХ ЯСАЗЕЙРНБ пНЯЯХИЯЙНИ тЕДЕПЮЖХХ ОН НЯСЫЕЯРБКЕМХЧ ЯБНХУ ОНКМНЛНВХИ Б ЦНПНДЮУ Х ПЮИНМЮУ
8;4;1;12;144;0902038820;лсмхжхоюкэмне йюгеммне напюгнбюрекэмне свпефдемхе днонкмхрекэмнцн напюгнбюмхъ дереи йюпювюебяйнцн цнпндяйнцн нйпсцю "йюпювюебяйюъ деряйюъ лсгшйюкэмюъ ьйнкю"";лсмхжхоюкэмне йюгеммне напюгнбюрекэмне свпефдемхе днонкмхрекэмнцн напюгнбюмхъ дереи йюпювюебяйнцн цнпндяйнцн нйпсцю "йюпювюебяйюъ деряйюъ лсгшйюкэмюъ ьйнкю"";85.41 ;нАПЮГНБЮМХЕ ДНОНКМХРЕКЭМНЕ ДЕРЕИ Х БГПНЯКШУ
8;4;1;12;144;0902030300;лсмхжхоюкэмне йюгеммне свпефдемхе днонкмхрекэмнцн напюгнбюмхъ йюпювюебяйнцн цнпндяйнцн нйпсцю "деряйн чмньеяйюъ яонпрхбмюъ ьйнкю ╧ 1 ц.йюпювюебяйю"";лсмхжхоюкэмне йюгеммне свпефдемхе днонкмхрекэмнцн напюгнбюмхъ йюпювюебяйнцн цнпндяйнцн нйпсцю  "деряйн чмньеяйюъ яонпрхбмюъ ьйнкю ╧ 1 ц.йюпювюебяйю"";85.41 ;нАПЮГНБЮМХЕ ДНОНКМХРЕКЭМНЕ ДЕРЕИ Х БГПНЯКШУ
